FIPS,Population
01001,60436
01003,254107
01005,24644
01007,21890
01009,59777
01011,9908
01013,18357
01015,116403
01017,34087
01019,25700
01021,46525
01023,12263
01025,22305
01027,14157
01029,15658
01031,55707
01033,58382
01035,11177
01037,10267
01039,37861
01041,13168
01043,91909
01045,49852
01047,36294
01049,72626
01051,90416
01053,36582
01055,103174
01057,15913
01059,31941
01061,27052
01063,7299
01065,14931
01067,17872
01069,108556
01071,53423
01073,664084
01075,13616
01077,96867
01079,33505
01081,184271
01083,114803
01085,9682
01087,18347
01089,413891
01091,18705
01093,29279
01095,101041
01097,411745
01099,19244
01101,225966
01103,125455
01105,7772
01107,18741
01109,33163
01111,22789
01113,58792
01115,95487
01117,233593
01119,11737
01121,81083
01123,40709
01125,239204
01127,64845
01129,15040
01131,9925
01133,23673
02013,3529
02016,5257
02020,287932
02050,18199
02060,859
02066,2656
02068,1595
02070,4626
02090,95700
02100,2088
02105,2278
02110,31483
02122,61285
02130,13708
02150,12659
02158,7991
02164,1337
02170,115296
02180,9790
02185,10621
02188,7286
02195,3431
02198,5708
02220,8304
02230,1101
02240,7148
02275,2072
02282,686
02290,5136
04001,65121
04003,124881
04005,144934
04007,54060
04009,39561
04011,9383
04012,16812
04013,4615625
04015,223801
04017,109281
04019,1068579
04021,486395
04023,49647
04025,249499
04027,215448
05001,16295
05003,18232
05005,42781
05007,312248
05009,38516
05011,10109
05013,4664
05015,28738
05017,9507
05019,20918
05021,14191
05023,25476
05025,7386
05027,22193
05029,21118
05031,114245
05033,61810
05035,47171
05037,16453
05039,6187
05041,10478
05043,16986
05045,129909
05047,17471
05049,12422
05051,99759
05053,18392
05055,46700
05057,19321
05059,33259
05061,12500
05063,38329
05065,14202
05067,16749
05069,63539
05071,26161
05073,6082
05075,16225
05077,8221
05079,12900
05081,11766
05083,21360
05085,75924
05087,17767
05089,17485
05091,42302
05093,38635
05095,6540
05097,8605
05099,8126
05101,7079
05103,21793
05105,10188
05107,14991
05109,10164
05111,22373
05113,19490
05115,64663
05117,8012
05119,400704
05121,18913
05123,22066
05125,129566
05127,9836
05129,7818
05131,129203
05133,15654
05135,17954
05137,12677
05139,37409
05141,16152
05143,261880
05145,78523
05147,5939
05149,20063
06001,1638142
06003,1126
06005,41798
06007,207354
06009,46580
06011,22093
06013,1162179
06015,26571
06017,192440
06019,1019899
06021,28190
06023,134009
06025,180585
06027,18548
06029,916646
06031,153281
06033,67934
06035,28838
06037,9731837
06039,163402
06041,255706
06043,16996
06045,89354
06047,294402
06049,8566
06051,13207
06053,435637
06055,133444
06057,102086
06059,3154563
06061,424599
06063,19120
06065,2503549
06067,1594506
06069,68341
06071,2200805
06073,3285890
06075,819151
06077,805909
06079,282007
06081,734267
06083,443521
06085,1897137
06087,263699
06089,180656
06091,3180
06093,42941
06095,451060
06097,483366
06099,553921
06101,98457
06103,64959
06105,15684
06107,480747
06109,54123
06111,833071
06113,222919
06115,85695
08001,535677
08003,16668
08005,661864
08007,14167
08009,3363
08011,5712
08013,328419
08014,77029
08015,20608
08017,1738
08019,9123
08021,7511
08023,3624
08025,5616
08027,5551
08029,31760
08031,721367
08033,2525
08035,385141
08037,54592
08039,28812
08041,746934
08043,50352
08045,62921
08047,5923
08049,15971
08051,17334
08053,761
08055,7041
08057,1316
08059,577693
08061,1376
08063,7032
08065,7367
08067,56401
08069,371530
08071,14394
08073,5498
08075,20660
08077,159690
08079,932
08081,13287
08083,26600
08085,44319
08087,29806
08089,18148
08091,5185
08093,18121
08095,4490
08097,16690
08099,11789
08101,169723
08103,6586
08105,11194
08107,25154
08109,6687
08111,797
08113,7874
08115,2305
08117,30824
08119,24711
08121,4859
08123,360216
08125,9981
10001,190123
10003,582325
10005,263975
11001,687324
12001,288962
12003,28542
12005,192422
12007,27788
12009,646705
12011,2002786
12013,13497
12015,207085
12017,166836
12019,232734
12021,410065
12023,73324
12027,36274
12029,17221
12031,1038833
12033,328034
12035,131892
12037,12628
12039,44100
12041,19735
12043,12839
12045,15757
12047,13721
12049,25944
12051,44111
12053,213415
12055,108151
12057,1557313
12059,19662
12061,170487
12063,48731
12065,15547
12067,8192
12069,426782
12071,844226
12073,299024
12075,46665
12077,7771
12079,18322
12081,444457
12083,412338
12085,164241
12086,2774250
12087,81306
12089,101579
12091,219624
12093,41603
12095,1501265
12097,447243
12099,1557481
12101,636049
12103,967301
12105,824172
12107,76211
12109,321510
12111,376186
12113,203569
12115,472079
12117,489254
12119,152157
12121,46134
12123,21766
12125,15993
12127,592622
12129,36472
12131,86338
12133,25545
13001,18517
13003,8351
13005,11140
13007,2750
13009,43423
13011,19863
13013,93011
13015,114977
13017,17150
13019,18587
13021,156676
13023,12455
13025,18417
13027,16275
13029,49876
13031,84332
13033,24431
13035,26875
13037,5462
13039,57991
13043,11106
13045,127293
13047,68935
13049,12928
13051,304757
13053,8588
13055,25176
13057,287243
13059,130338
13061,2869
13063,299380
13065,6808
13067,781208
13069,43464
13071,46515
13073,165470
13075,17760
13077,156269
13079,12335
13081,19668
13083,16188
13085,31720
13087,29124
13089,768047
13091,19799
13093,11056
13095,82635
13097,149401
13099,10570
13101,3739
13103,71549
13105,20003
13107,23146
13109,10753
13111,25916
13113,123698
13115,100407
13117,274535
13119,24815
13121,1083971
13123,32868
13125,2943
13127,86229
13129,59844
13131,26130
13133,20733
13135,991602
13137,48851
13139,218248
13141,8730
13143,32040
13145,36700
13147,27557
13149,12052
13151,254934
13153,171955
13155,9123
13157,88723
13159,16496
13161,14927
13163,15211
13165,8628
13167,9328
13169,29000
13171,20420
13173,10452
13175,49932
13177,33928
13179,68235
13181,7898
13183,19651
13185,120800
13187,35268
13189,21860
13191,11532
13193,11838
13195,32255
13197,7485
13199,20964
13201,5790
13205,20778
13207,30616
13209,8767
13211,21537
13213,41072
13215,201959
13217,120529
13219,44256
13221,15788
13223,183535
13225,28807
13227,35975
13229,20443
13231,20422
13233,44363
13235,10114
13237,23183
13239,2278
13241,17525
13243,6113
13245,205646
13247,96263
13249,4534
13251,14204
13253,9080
13255,69992
13257,27255
13259,4697
13261,28942
13263,5715
13265,1601
13267,24328
13269,7793
13271,10969
13273,8704
13275,45666
13277,41620
13279,27198
13281,13007
13283,6351
13285,70957
13287,8926
13289,7706
13291,27115
13293,28265
13295,69410
13297,106778
13299,36263
13301,5108
13303,19891
13305,31449
13307,2367
13309,7097
13311,29056
13313,104147
13315,8801
13317,9552
13319,8747
13321,20271
15001,208043
15003,994576
15005,81
15007,73933
15009,164754
16001,526690
16003,4898
16005,90585
16007,6783
16009,10400
16011,50398
16013,25180
16015,8560
16017,52709
16019,131475
16021,13677
16023,2747
16025,1232
16027,258742
16029,7233
16031,25817
16033,801
16035,9192
16037,4531
16039,29706
16041,15516
16043,14258
16045,21384
16047,16113
16049,17928
16051,34259
16053,25574
16055,185237
16057,41691
16059,8447
16061,3740
16063,5444
16065,55123
16067,22526
16069,42978
16071,4955
16073,12762
16075,27284
16077,8301
16079,14072
16081,12632
16083,95404
16085,12630
16087,11508
17001,64435
17003,4723
17005,16637
17007,53239
17009,6301
17011,32758
17013,4293
17015,15492
17017,12779
17019,209813
17021,33319
17023,15218
17025,12945
17027,36886
17029,46532
17031,5142522
17033,18342
17035,10272
17037,100661
17039,15331
17041,19733
17043,929180
17045,16442
17047,6021
17049,34453
17051,21209
17053,13316
17055,37156
17057,32664
17059,4708
17061,11572
17063,53587
17065,7886
17067,17195
17069,3599
17071,6105
17073,48362
17075,26033
17077,52867
17079,9156
17081,36331
17083,21158
17085,21749
17087,13355
17089,517241
17091,106386
17093,140229
17095,48663
17097,714207
17099,108397
17101,14886
17103,33606
17105,35321
17107,27508
17109,26952
17111,313435
17113,171493
17115,100754
17117,44127
17119,263442
17121,36640
17123,11650
17125,12588
17127,13751
17129,11996
17131,15456
17133,35144
17135,27756
17137,32773
17139,14327
17141,51391
17143,178735
17145,20499
17147,16720
17149,14339
17151,3715
17153,4957
17155,5588
17157,29993
17159,15502
17161,141939
17163,252094
17165,22988
17167,194216
17169,6725
17171,4850
17173,20593
17175,5267
17177,43347
17179,129835
17181,16866
17183,71551
17185,11032
17187,16224
17189,13570
17191,15875
17193,13482
17195,54582
17197,703383
17199,66737
17201,282214
17203,38387
18001,36469
18003,395131
18005,84248
18007,8761
18009,11875
18011,76195
18013,15691
18015,20570
18017,37802
18019,125686
18021,26419
18023,32879
18025,10442
18027,33801
18029,51414
18031,26395
18033,44177
18035,112448
18037,43678
18039,206963
18041,23256
18043,80882
18045,16674
18047,23174
18049,20319
18051,32919
18053,66303
18055,31132
18057,372588
18059,86176
18061,40011
18063,187141
18065,48993
18067,83857
18069,36818
18071,46787
18073,33456
18075,20069
18077,32938
18079,27614
18081,168305
18083,36027
18085,80441
18087,40979
18089,500591
18091,111586
18093,45034
18095,132746
18097,975654
18099,46323
18101,9862
18103,35477
18105,141052
18107,38571
18109,73100
18111,14033
18113,47508
18115,5993
18117,19711
18119,21775
18121,16483
18123,19291
18125,12089
18127,175289
18129,25047
18131,12434
18133,37578
18135,24360
18137,29208
18139,16815
18141,273658
18143,24625
18145,45281
18147,20018
18149,23334
18151,34876
18153,20822
18155,9965
18157,190482
18159,15295
18161,6972
18163,179942
18165,15363
18167,106053
18169,30762
18171,8498
18173,66013
18175,28189
18177,66273
18179,28636
18181,24775
18183,34786
19001,7399
19003,3553
19005,14168
19007,12129
19009,5533
19011,25769
19013,131179
19015,26567
19017,25304
19019,20725
19021,20698
19023,14225
19025,9790
19027,20512
19029,13131
19031,18269
19033,42470
19035,11652
19037,11694
19039,9631
19041,16530
19043,16985
19045,46134
19047,16138
19049,111593
19051,9165
19053,7781
19055,17583
19057,38360
19059,18087
19061,98988
19063,9277
19065,19239
19067,15266
19069,9895
19071,6458
19073,8597
19075,12412
19077,10763
19079,14848
19081,10631
19083,16523
19085,14638
19087,19573
19089,9357
19091,9564
19093,6835
19095,16386
19097,19353
19099,37991
19101,15626
19103,158202
19105,20917
19107,9947
19109,14410
19111,32509
19113,229402
19115,10540
19117,8775
19119,12288
19121,16999
19123,21967
19125,33718
19127,40230
19129,14642
19131,10544
19133,8503
19135,7486
19137,10148
19139,42316
19141,14067
19143,6016
19145,15012
19147,8807
19149,25765
19151,7024
19153,507487
19155,93353
19157,18497
19159,4646
19161,9663
19163,174589
19165,11823
19167,36399
19169,101501
19171,16787
19173,5917
19175,11913
19177,7266
19179,35417
19181,55298
19183,22554
19185,6542
19187,36653
19189,10563
19191,19728
19193,106544
19195,7322
19197,12744
20001,12466
20003,7813
20005,16142
20007,4078
20009,24901
20011,14432
20013,9267
20015,68638
20017,2555
20019,3360
20021,19095
20023,2634
20025,1861
20027,7996
20029,8849
20031,8272
20033,1674
20035,34245
20037,38969
20039,2732
20041,18432
20043,7530
20045,121179
20047,2731
20049,2478
20051,28920
20053,6387
20055,37999
20057,34047
20059,26223
20061,35192
20063,2733
20065,2371
20067,7158
20069,5765
20071,1174
20073,5909
20075,2459
20077,5392
20079,33635
20081,3630
20083,1681
20085,13392
20087,18307
20089,2901
20091,625444
20093,3803
20095,7091
20097,2404
20099,19833
20101,1533
20103,83735
20105,2924
20107,9885
20109,2678
20111,32267
20113,30236
20115,11768
20117,9963
20119,3911
20121,35333
20123,5789
20125,30756
20127,5289
20129,2592
20131,10094
20133,15451
20135,2639
20137,5314
20139,15798
20141,3440
20143,5842
20145,6068
20147,4762
20149,26506
20151,9107
20153,2480
20155,61419
20157,4608
20159,9305
20161,71673
20163,4776
20165,2833
20167,6683
20169,53342
20171,4962
20173,530254
20175,21209
20177,177596
20179,2409
20181,5791
20183,3541
20185,3948
20187,2012
20189,5074
20191,22393
20193,7858
20195,2758
20197,7073
20199,1501
20201,5553
20203,2093
20205,8438
20207,3127
20209,166932
21001,19306
21003,21779
21005,24618
21007,7608
21009,45132
21011,12972
21013,23208
21015,141511
21017,20220
21019,47771
21021,31096
21023,8435
21025,12962
21027,21117
21029,85000
21031,12430
21033,12561
21035,38520
21037,93859
21039,4742
21041,10986
21043,26255
21045,15887
21047,71235
21049,37337
21051,19658
21053,9178
21055,8996
21057,5980
21059,103927
21061,12466
21063,7271
21065,13937
21067,324624
21069,15405
21071,34971
21073,51826
21075,6378
21077,8823
21079,17888
21081,25596
21083,36600
21085,26806
21087,11454
21089,35299
21091,8936
21093,112396
21095,25302
21097,19409
21099,19726
21101,44127
21103,15951
21105,4423
21107,44985
21109,13138
21111,783381
21113,55511
21115,22139
21117,172248
21119,13660
21121,29723
21123,15328
21125,63352
21127,15974
21129,7301
21131,9865
21133,20414
21135,12956
21137,24738
21139,8889
21141,28285
21143,9190
21145,67456
21147,17069
21149,9076
21151,97599
21153,11202
21155,19840
21157,31717
21159,10927
21161,16857
21163,30166
21165,6279
21167,23189
21169,10495
21171,11271
21173,28531
21175,14385
21177,30527
21179,47981
21181,7674
21183,23719
21185,70308
21187,11309
21189,3984
21191,14804
21193,27082
21195,55998
21197,13003
21199,66219
21201,2334
21203,16171
21205,24503
21207,18308
21209,60600
21211,49617
21213,20223
21215,20557
21217,26582
21219,12576
21221,14370
21223,8616
21225,13116
21227,143929
21229,12257
21231,19630
21233,12753
21235,36917
21237,6370
21239,27522
22001,56649
22003,22304
22005,131954
22007,20223
22009,38520
22011,36812
22013,12440
22015,130380
22017,226460
22019,204474
22021,9402
22023,4773
22025,8438
22027,13643
22029,18009
22031,27161
22033,450943
22035,6879
22037,19258
22039,31945
22041,19265
22043,21929
22045,67702
22047,29794
22049,14867
22051,425657
22053,31620
22055,250486
22057,95146
22061,48133
22063,150570
22065,9268
22067,24055
22069,36391
22071,365167
22073,157712
22075,22356
22077,19995
22079,126453
22081,7395
22083,19744
22085,21936
22087,44645
22089,50547
22091,10815
22093,19218
22095,39615
22097,81329
22099,51122
22101,47131
22103,275801
22105,137999
22107,3848
22109,104036
22111,20686
22113,57181
22115,46247
22117,44951
22119,35444
22121,28338
22123,9307
22125,15327
22127,13412
23001,114477
23003,67149
23005,311258
23007,30826
23009,56801
23011,127936
23013,41044
23015,36460
23017,60115
23019,156329
23021,17486
23023,37541
23025,51171
23027,40490
23029,31446
23031,219117
24001,67296
24003,599965
24510,848676
24009,94828
24011,33838
24013,176735
24015,105676
24017,172268
24019,32922
24021,294154
24023,28502
24025,264771
24027,337341
24029,19441
24031,1069397
24033,956533
24035,52682
24037,115479
24039,25044
24041,38067
24043,156116
24045,105585
24047,54229
24510,567517
25001,232759
25003,128863
25005,585053
25007,20879
25009,816197
25011,70860
25013,462128
25015,165686
25017,1644932
25019,14534
25021,732379
25023,537807
25025,781678
25027,872813
26001,10513
26003,8740
26005,121874
26007,28870
26009,24466
26011,15152
26013,8222
26015,63881
26017,102774
26019,18460
26021,152651
26023,45613
26025,133505
26027,51566
26029,26089
26031,26078
26033,36340
26035,31376
26037,79823
26039,13557
26041,36846
26043,26069
26045,109072
26047,34039
26049,401711
26051,25959
26053,14263
26055,96457
26057,41434
26059,45616
26061,37847
26063,30943
26065,287710
26067,66104
26069,25361
26071,11722
26073,64485
26075,159835
26077,263297
26079,18422
26081,665109
26083,2181
26085,12766
26087,89060
26089,22970
26091,97621
26093,196772
26095,6389
26097,10942
26099,879271
26101,25485
26103,67654
26105,29199
26107,41722
26109,23123
26111,84007
26113,15325
26115,155590
26117,68431
26119,9714
26121,176476
26123,51189
26125,1281836
26127,27010
26129,20983
26131,5857
26133,23289
26135,8572
26137,25785
26139,303575
26141,13278
26143,23920
26145,187769
26147,160280
26149,61062
26151,40434
26153,8167
26155,68005
26157,52856
26159,75905
26161,370398
26163,1762371
26165,34266
27001,16139
27003,373090
27005,35330
27007,46635
27009,41617
27011,5095
27013,70396
27015,25699
27017,36717
27019,111180
27021,31393
27023,12265
27025,58657
27027,66425
27029,8680
27031,5643
27033,11417
27035,68286
27037,448495
27039,21113
27041,39874
27043,13926
27045,21512
27047,30433
27049,48050
27051,6155
27053,1263210
27055,18577
27057,22045
27059,43212
27061,45518
27063,9904
27065,16639
27067,44277
27069,4020
27071,11750
27073,6684
27075,10861
27077,3804
27079,29334
27081,5594
27083,25503
27085,36850
27087,5332
27089,8822
27091,19728
27093,23485
27095,27418
27097,34366
27099,40352
27101,8087
27103,34320
27105,21921
27107,6318
27109,165119
27111,60687
27113,13732
27115,30124
27117,9235
27119,30438
27121,11419
27123,538474
27125,3913
27127,15320
27129,14509
27131,68420
27133,9601
27135,15293
27137,200618
27139,155986
27141,102313
27143,15131
27145,162060
27147,37476
27149,9834
27151,9686
27153,25773
27155,3175
27157,21685
27159,14293
27161,18905
27163,279398
27165,11179
27167,6330
27169,49846
27171,151452
27173,9471
28001,28854
28003,34046
28005,12474
28007,17346
28009,7491
28011,28850
28013,12766
28015,9532
28017,16838
28019,8072
28021,8425
28023,15240
28025,18265
28027,20253
28029,27737
28031,18020
28033,193961
28035,78432
28037,7626
28039,25589
28041,13625
28043,21103
28045,46161
28047,211394
28049,214517
28051,15836
28053,7217
28055,1280
28057,24139
28059,146165
28061,15970
28063,6974
28065,10997
28067,66141
28069,8620
28071,59400
28073,66207
28075,70901
28077,11718
28079,21336
28081,82893
28083,26595
28085,34815
28087,57369
28089,113068
28091,24133
28093,34180
28095,33636
28097,9565
28099,28908
28101,21041
28103,9938
28105,51721
28107,32651
28109,58198
28111,11433
28113,39271
28115,31761
28117,25310
28119,5592
28121,160184
28123,27619
28125,3378
28127,25653
28129,14108
28131,19004
28133,23940
28135,11517
28137,28389
28139,21377
28141,18524
28143,9380
28145,28275
28147,13835
28149,42323
28151,41902
28153,19743
28155,9989
28157,7988
28159,17476
28161,12369
28163,24603
29001,25231
29003,18109
29005,5116
29007,24342
29009,35310
29011,11743
29013,16226
29015,20560
29017,10536
29019,190138
29021,83201
29023,41910
29025,8976
29027,44818
29029,44099
29031,83110
29033,8367
29035,5329
29037,111695
29039,14706
29041,7403
29043,94469
29045,6648
29047,260150
29049,21569
29051,77318
29053,16926
29055,22691
29057,7719
29059,17793
29061,8554
29063,9899
29065,14654
29067,12224
29069,27066
29071,106444
29073,14731
29075,6311
29077,305130
29079,9807
29081,8216
29083,22457
29085,8715
29087,4266
29089,10116
29091,40707
29093,9454
29095,720283
29097,125117
29099,231155
29101,55107
29103,3736
29105,36674
29107,33244
29109,38879
29111,9840
29113,64707
29115,11808
29117,14595
29119,24117
29121,15173
29123,12739
29125,8441
29127,28312
29129,3499
29131,25566
29133,11852
29135,15245
29137,8731
29139,11430
29141,21963
29143,15388
29145,60813
29147,20693
29149,8719
29151,13479
29153,8996
29155,14669
29157,18950
29159,43591
29161,45517
29163,17927
29165,112112
29167,32818
29169,53829
29171,4639
29173,10501
29175,24105
29177,23178
29179,5965
29181,10809
29183,417958
29185,9743
29186,18640
29187,67094
29510,990875
29195,23212
29197,4073
29199,4698
29201,37923
29203,7254
29205,5930
29207,28372
29209,32680
29211,5841
29213,56790
29215,25606
29217,19768
29219,37815
29221,23542
29223,10825
29225,41481
29227,1903
29229,19373
29510,282772
30001,9889
30003,12825
30005,6884
30007,8063
30009,11426
30011,1400
30013,84625
30015,5877
30017,12013
30019,1626
30021,8820
30023,9685
30025,2999
30027,11816
30029,113495
30031,125929
30033,1216
30035,13577
30037,867
30039,3565
30041,16181
30043,13086
30045,2099
30047,33255
30049,74812
30051,1959
30053,21867
30055,1684
30057,9509
30059,2057
30061,5135
30063,121672
30065,5377
30067,17938
30069,543
30071,4248
30073,6108
30075,1731
30077,7122
30079,1115
30081,47760
30083,11094
30085,10327
30087,8123
30089,13726
30091,3490
30093,36193
30095,9237
30097,3749
30099,6439
30101,5128
30103,767
30105,7475
30107,2068
30109,904
30111,170727
31001,30892
31003,6291
31005,416
31007,671
31009,431
31011,5320
31013,10705
31015,1739
31017,2877
31019,50696
31021,6730
31023,8442
31025,27458
31027,8244
31029,3761
31031,5527
31033,9549
31035,6144
31037,10696
31039,8951
31041,10612
31043,21340
31045,8145
31047,24393
31049,1879
31051,5530
31053,37477
31055,593645
31057,1565
31059,5539
31061,2812
31063,2598
31065,4555
31067,21637
31069,1804
31071,1758
31073,1837
31075,567
31077,2218
31079,62658
31081,9528
31083,3046
31085,840
31087,2550
31089,10152
31091,677
31093,6564
31095,7097
31097,5215
31099,6727
31101,8155
31103,804
31105,3316
31107,8341
31109,328794
31111,33457
31113,661
31115,587
31117,377
31119,35727
31121,7746
31123,4531
31125,3261
31127,7064
31129,4103
31131,16448
31133,2511
31135,2802
31137,9099
31139,7304
31141,35034
31143,5212
31145,10512
31147,7708
31149,1259
31151,14651
31153,200477
31155,23471
31157,35721
31159,17646
31161,4932
31163,2970
31165,1151
31167,5825
31169,4855
31171,675
31173,6562
31175,4029
31177,21182
31179,9882
31181,3344
31183,787
31185,14386
32001,25915
32003,2354285
32005,49422
32007,54383
32009,725
32011,1898
32013,17160
32015,5809
32017,4424
32019,62656
32021,4524
32023,55708
32027,6403
32029,4171
32031,500159
32033,8495
32510,58226
33001,65019
33003,52373
33005,77632
33007,31209
33009,92909
33011,427719
33013,157059
33015,320665
33017,133608
33019,44006
34001,276937
34003,966484
34005,470561
34007,529576
34009,94643
34011,153338
34013,864310
34015,308840
34017,721320
34019,130633
34021,386296
34023,876119
34025,644941
34027,517738
34029,660445
34031,520219
34033,65429
34035,352095
34037,146294
34039,582080
34041,111344
35001,672572
35003,3803
35005,63668
35006,26741
35007,12312
35009,47321
35011,1672
35013,226534
35015,60654
35017,27512
35019,4334
35021,643
35023,3979
35025,73503
35027,20047
35028,19420
35029,25573
35031,69073
35033,4125
35035,69354
35037,8553
35039,39921
35041,18879
35043,155943
35045,120907
35047,26633
35049,156507
35051,11535
35053,16028
35055,34484
35057,15699
35059,3972
35061,79263
36001,318000
36003,47327
36005,1375266
36007,196383
36009,75680
36011,74575
36013,124742
36015,81279
36017,45875
36019,77883
36021,60616
36023,45957
36025,44514
36027,298224
36029,948386
36031,36796
36033,46276
36035,52253
36037,57634
36039,47096
36041,5070
36043,59571
36045,113575
36047,2592937
36049,26584
36051,61248
36053,67152
36055,750901
36057,49580
36059,1386052
36061,1633229
36063,209684
36065,228010
36067,469226
36069,112605
36071,408427
36073,39390
36075,117889
36077,60519
36079,97988
36081,2294682
36083,159846
36085,494774
36087,343310
36089,106727
36091,238873
36093,160378
36095,30126
36097,17446
36099,32416
36101,92087
36103,1529029
36105,80190
36107,47593
36109,105505
36111,182906
36113,65508
36115,60032
36117,90671
36119,996926
36121,39530
36123,24413
37001,179617
37003,36427
37005,11340
37007,22381
37009,27068
37011,17711
37013,44410
37015,17013
37017,29505
37019,159855
37021,276789
37023,88147
37025,240608
37027,80579
37029,11132
37031,69712
37033,22479
37035,164955
37037,81992
37039,29952
37041,13894
37043,11873
37045,101561
37047,50140
37049,103329
37051,338411
37053,31609
37055,38181
37057,174887
37059,44594
37061,49819
37063,337238
37065,48946
37067,393835
37069,77092
37071,238153
37073,10354
37075,8079
37077,61362
37079,20644
37081,552880
37083,47068
37085,141792
37087,62922
37089,119576
37091,19234
37093,54587
37095,4638
37097,200311
37099,45050
37101,242358
37103,9448
37105,67421
37107,54967
37109,95786
37111,44968
37113,38430
37115,22039
37117,21484
37119,1176228
37121,15003
37123,26241
37125,107072
37127,96796
37129,240054
37131,16705
37133,211184
37135,152239
37137,12450
37139,41180
37141,68356
37143,13367
37145,39832
37147,178956
37149,20030
37151,147641
37153,42003
37155,117705
37157,92638
37159,151883
37161,65369
37163,59742
37165,33660
37167,65818
37169,45486
37171,71457
37173,13923
37175,33934
37177,3520
37179,257510
37181,42329
37183,1203394
37185,18762
37187,10739
37189,55420
37191,119570
37193,66017
37195,79606
37197,37798
37199,18940
38001,2143
38003,10767
38005,5778
38007,1036
38009,6335
38011,2870
38013,2147
38015,101484
38017,198157
38019,3605
38021,4940
38023,2148
38025,4051
38027,2278
38029,3241
38031,3334
38033,1760
38035,73198
38037,2249
38039,2250
38041,2418
38043,2360
38045,4068
38047,1886
38049,5152
38051,2488
38053,14282
38055,9836
38057,8322
38059,34047
38061,9427
38063,3010
38065,1873
38067,6690
38069,3910
38071,11517
38073,5606
38075,2325
38077,16604
38079,11766
38081,3794
38083,1277
38085,3659
38087,679
38089,33117
38091,1766
38093,21522
38095,2036
38097,7957
38099,10293
38101,68419
38103,3866
38105,39304
39001,27542
39003,100851
39005,52183
39007,96962
39009,62969
39011,46018
39013,64980
39015,43834
39017,395593
39019,26754
39021,38857
39023,134735
39025,212202
39027,41972
39029,100137
39031,36866
39033,41591
39035,1238679
39037,51432
39039,38437
39041,232732
39043,74125
39045,165630
39047,28831
39049,1338903
39051,41951
39053,28964
39055,95389
39057,170335
39059,38126
39061,831559
39063,74847
39065,30406
39067,14183
39069,27545
39071,43588
39073,27567
39075,44439
39077,58258
39079,32669
39081,64116
39083,63344
39085,231964
39087,56138
39089,183540
39091,46045
39093,319163
39095,426240
39097,44668
39099,225988
39101,64828
39103,184115
39105,21772
39107,42448
39109,110898
39111,13165
39113,535313
39115,13626
39117,35583
39119,86312
39121,14345
39123,39819
39125,18728
39127,35577
39129,61064
39131,26983
39133,163075
39135,40563
39137,34254
39139,125003
39141,76340
39143,58785
39145,72176
39147,54628
39149,47785
39151,373052
39153,537019
39155,200354
39157,92017
39159,69765
39161,28725
39163,12498
39165,253579
39167,58513
39169,116635
39171,36566
39173,132813
39175,21466
40001,19641
40003,5661
40005,14524
40007,5052
40009,22132
40011,8547
40013,49271
40015,26253
40017,176184
40019,48854
40021,48173
40023,14324
40025,2188
40027,301913
40029,5284
40031,121868
40033,5470
40035,14476
40037,73372
40039,28332
40041,41775
40043,4253
40045,3637
40047,62055
40049,25918
40051,57493
40053,4088
40055,5491
40057,2409
40059,3207
40061,11790
40063,13406
40065,24685
40067,5367
40069,10199
40071,43621
40073,15615
40075,8322
40077,9561
40079,49590
40081,34613
40083,53121
40085,10305
40087,47060
40089,30957
40091,19670
40093,7623
40095,15974
40097,39971
40099,13735
40101,66656
40103,10865
40105,9481
40107,11297
40109,811096
40111,36940
40113,46008
40115,30316
40117,15892
40119,83819
40121,43472
40123,38506
40125,73864
40127,10856
40129,3331
40131,100268
40133,23585
40135,40248
40137,44066
40139,20512
40141,6867
40143,686411
40145,89375
40147,53772
40149,10716
40151,8560
40153,20073
41001,16904
41003,98566
41005,424396
41007,41089
41009,53918
41011,64557
41013,26960
41015,23273
41017,208857
41019,112435
41021,2035
41023,7216
41025,7451
41027,23811
41029,221338
41031,25480
41033,88001
41035,70347
41037,8307
41039,382151
41041,51307
41043,131509
41045,32262
41047,349874
41049,12303
41051,794271
41053,90290
41055,1954
41057,27423
41059,79872
41061,26038
41063,7643
41065,26402
41067,604831
41069,1436
41071,109146
42001,107147
42003,1230138
42005,64094
42007,165556
42009,47442
42011,435284
42013,120494
42015,59700
42017,647625
42019,198665
42021,130713
42023,4382
42025,65427
42027,159087
42029,555310
42031,36964
42033,78381
42035,37852
42037,65782
42039,82052
42041,271553
42043,290886
42045,580538
42047,30221
42049,268203
42051,124699
42053,6486
42055,158054
42057,14510
42059,34493
42061,43545
42063,83110
42065,43625
42067,23368
42069,216472
42071,560174
42073,84553
42075,144546
42077,380872
42079,328909
42081,113282
42083,39522
42085,108519
42087,45950
42089,166581
42091,871673
42093,18053
42095,320844
42097,90131
42099,46367
42101,1563349
42103,61496
42105,16040
42107,143932
42109,39699
42111,72233
42113,5925
42115,38108
42117,40747
42119,42237
42121,49436
42123,37672
42125,210344
42127,51404
42129,351420
42131,25868
42133,465977
44001,50358
44003,171770
44005,83843
44007,667219
44009,130239
45001,24563
45003,177034
45005,7596
45007,213998
45009,12991
45011,20448
45013,198961
45015,256123
45017,14208
45019,425805
45021,56943
45023,32163
45025,44120
45027,31119
45029,39040
45031,62368
45033,27712
45035,169770
45037,28629
45039,20392
45041,137454
45043,65812
45045,559696
45047,69582
45049,18167
45051,398374
45053,33642
45055,70145
45057,108796
45059,69210
45061,15927
45063,309877
45065,9786
45067,28522
45069,25772
45071,38916
45073,81527
45075,83148
45077,136704
45079,425236
45081,19300
45083,358690
45085,104410
45087,26751
45089,30028
45091,298375
46003,2796
46005,19380
46007,3312
46009,7088
46011,35912
46013,37650
46015,5326
46017,1884
46019,10868
46021,1357
46023,9271
46025,3945
46027,15398
46029,28952
46031,3756
46033,9117
46035,19973
46037,5445
46039,4345
46041,5179
46043,2844
46045,4067
46047,7369
46049,2135
46051,7571
46053,4023
46055,1855
46057,6450
46059,3114
46061,3457
46063,1314
46065,17617
46067,7423
46069,1190
46071,2772
46073,1650
46075,862
46077,5262
46079,11033
46081,28106
46083,73142
46085,3720
46087,5809
46089,2335
46091,4358
46093,30931
46095,1843
46097,2293
46099,206464
46101,6444
46102,13407
46103,115834
46105,2823
46107,2416
46109,10222
46111,2407
46115,6149
46117,3040
46119,1485
46121,9175
46123,5607
46125,9052
46127,17186
46129,5264
46135,23509
46137,2322
47001,80343
47003,53274
47005,16167
47007,15008
47009,141384
47011,112132
47013,40225
47015,15051
47017,28950
47019,57112
47021,42247
47023,17722
47025,32738
47027,7672
47029,37272
47031,60472
47033,13991
47035,64848
47037,719092
47039,11709
47041,21337
47043,56835
47045,36432
47047,44082
47049,19708
47051,44682
47053,51152
47055,30815
47057,24697
47059,72546
47061,13992
47063,66466
47065,381272
47067,6963
47069,25523
47071,27449
47073,58608
47075,17312
47077,28065
47079,32454
47081,25788
47083,8398
47085,19293
47087,12344
47089,57897
47091,18376
47093,501576
47095,6407
47097,24554
47099,46033
47101,13146
47103,36193
47105,60581
47107,55720
47109,26065
47111,26837
47113,99390
47115,29458
47117,37008
47119,110734
47121,13682
47123,48578
47125,240398
47127,6774
47129,21503
47131,30403
47133,23358
47135,8911
47137,5114
47139,18066
47141,83952
47143,34319
47145,56223
47147,76820
47149,369649
47151,22245
47153,17189
47155,100224
47157,913909
47159,20545
47161,14246
47163,162054
47165,208423
47167,61885
47169,12301
47171,17812
47173,20747
47175,6576
47177,42655
47179,138628
47181,16047
47183,33110
47185,28697
47187,265312
47189,164352
48001,59134
48003,18722
48005,87698
48007,25351
48009,9066
48011,1830
48013,52039
48015,31661
48017,6853
48019,22629
48021,111131
48023,3499
48025,31308
48027,394065
48029,2098189
48031,13093
48033,570
48035,18982
48037,91692
48039,401422
48041,247263
48043,9579
48045,1451
48047,6895
48049,38477
48051,19575
48053,54336
48055,50107
48057,19798
48059,14455
48061,428508
48063,13041
48065,5865
48067,28668
48069,7330
48071,54193
48073,52651
48075,6757
48077,10694
48079,2571
48081,3378
48083,7909
48085,1207964
48087,2561
48089,21250
48091,194097
48093,14058
48095,3280
48097,43779
48099,85620
48101,1292
48103,4587
48105,2842
48107,4990
48109,2195
48111,7372
48113,2636254
48115,11903
48117,18460
48119,5563
48121,1013736
48123,20238
48125,1711
48127,8279
48129,3177
48131,9626
48133,18199
48135,165450
48137,1391
48139,223324
48141,874836
48143,44439
48145,17670
48147,37865
48149,25485
48151,3618
48153,5116
48155,1084
48157,927120
48159,10737
48161,20358
48163,18811
48165,22524
48167,362586
48169,4590
48171,27809
48173,1151
48175,7183
48177,20030
48179,21030
48181,147056
48183,126531
48185,32527
48187,189056
48189,32014
48191,2810
48193,8593
48195,5097
48197,3470
48199,58227
48201,4903450
48203,71004
48205,5137
48207,5442
48209,281697
48211,3143
48213,86277
48215,902443
48217,38206
48219,21325
48221,67681
48223,38261
48225,22082
48227,30704
48229,3483
48231,113754
48233,19997
48235,1563
48237,9220
48239,15195
48241,32725
48243,1850
48245,253392
48247,4657
48249,38811
48251,203196
48253,20765
48255,15054
48257,186715
48259,50494
48261,351
48263,728
48265,53878
48267,4465
48269,215
48271,3204
48273,30381
48275,3318
48277,51093
48279,12768
48281,23319
48283,6599
48285,20604
48287,18250
48289,16556
48291,109172
48293,22405
48295,2915
48297,11828
48299,22883
48301,46
48303,322434
48305,5811
48307,7516
48309,268778
48311,579
48313,13750
48315,9693
48317,5200
48319,3912
48321,36422
48323,58203
48325,54851
48327,1958
48329,178357
48331,26033
48333,4550
48335,9104
48337,21680
48339,715345
48341,21423
48343,12133
48345,1023
48347,65636
48349,55719
48351,12101
48353,14281
48355,352645
48357,9774
48359,1787
48361,85857
48363,29762
48365,22816
48367,173565
48369,9691
48371,14720
48373,54146
48375,115309
48377,5776
48379,13059
48381,148190
48383,3178
48385,2854
48387,11651
48389,11856
48391,6711
48393,819
48395,17322
48397,131636
48399,9909
48401,53271
48403,10118
48405,7882
48407,29126
48409,70770
48411,5543
48413,2369
48415,16230
48417,3204
48419,24258
48421,2710
48423,245955
48425,9881
48427,66215
48429,9380
48431,1377
48433,1220
48435,3227
48437,6899
48439,2197915
48441,147618
48443,702
48445,11583
48447,1531
48449,31423
48451,119334
48453,1348043
48455,14269
48457,20435
48459,43425
48461,3131
48463,25012
48465,47863
48467,64077
48469,91756
48471,82566
48473,63936
48475,10974
48477,37286
48479,270538
48481,41855
48483,4825
48485,130102
48487,12529
48489,20003
48491,701640
48493,54354
48495,7447
48497,78051
48499,47981
48501,7517
48503,18131
48505,13782
48507,9339
49001,7291
49003,62878
49005,143193
49007,20607
49009,983
49011,374430
49013,20541
49015,10149
49017,5320
49019,9810
49021,64485
49023,13016
49025,8446
49027,13432
49029,13004
49031,1546
49033,2665
49035,1200544
49037,14390
49039,30450
49041,22367
49043,42939
49045,82137
49047,37903
49049,725359
49051,37303
49053,202735
49055,2613
49057,272686
50001,37886
50003,37185
50005,30623
50007,170092
50009,5993
50011,50902
50013,7509
50015,26233
50017,29930
50019,27697
50021,60369
50023,60258
50025,45985
50027,58046
51001,33288
51003,115857
51005,14698
51007,13596
51009,31559
51011,16835
51013,235181
51015,78250
51017,4070
51515,81628
51021,6221
51023,34154
51025,15801
51027,18978
51029,16988
51031,55248
51033,32705
51035,29202
51036,6635
51037,11387
51041,384693
51043,15405
51045,4827
51047,55065
51049,9875
51051,13594
51053,28377
51057,10618
51600,1146677
51061,75256
51063,15693
51065,28480
51620,55471
51069,96178
51071,16461
51073,40024
51075,27216
51077,15235
51079,21391
51081,11174
51083,33434
51085,114193
51087,335729
51089,49636
51091,2351
51093,40667
51095,82346
51097,6746
51099,28422
51101,19035
51103,10927
51105,21761
51107,437164
51109,41008
51111,12042
51113,14135
51115,8568
51117,30622
51119,10938
51121,99134
51125,14625
51127,26211
51131,12026
51133,12388
51135,15570
51137,38487
51139,23682
51141,17440
51143,59581
51145,32113
51147,21998
51149,43048
51153,491578
51155,33607
51157,7455
51760,9162
51770,97263
51163,22394
51165,86630
51167,25502
51169,21444
51171,45185
51173,29187
51175,18000
51177,149614
51179,165821
51181,6575
51183,10794
51185,39222
51187,41982
51191,54028
51193,18918
51195,35191
51197,28171
51199,71046
51510,156271
51520,16668
51530,6574
51540,45047
51550,253967
51570,18446
51580,5611
51590,42108
51595,5479
51600,25426
51610,14805
51620,8316
51630,29226
51640,6799
51650,137157
51660,51378
51670,22883
51678,7556
51680,79775
51683,43087
51685,16448
51690,13753
51700,183249
51710,231378
51720,3501
51730,33328
51735,12613
51740,96782
51750,16994
51760,230383
51770,97503
51775,25669
51790,25936
51800,101050
51810,453779
51820,23083
51830,16116
51840,27754
53001,20857
53003,22510
53005,215445
53007,80439
53009,77589
53011,522467
53013,4055
53015,113040
53017,45010
53019,7472
53021,99554
53023,2360
53025,103088
53027,77570
53029,86369
53031,33725
53033,2296813
53035,277650
53037,47845
53039,23688
53041,86264
53043,11760
53045,68754
53047,43998
53049,24173
53051,14362
53053,931718
53055,18605
53057,131754
53059,12639
53061,850297
53063,552758
53065,48838
53067,299519
53069,4767
53071,61789
53073,232686
53075,47900
53077,257193
54001,15443
54003,132851
54005,20600
54007,12139
54009,21438
54011,92036
54013,5945
54015,7740
54017,7685
54019,39079
54021,7221
54023,10985
54025,32123
54027,23632
54029,28191
54031,14293
54033,64513
54035,27668
54037,59744
54039,174602
54041,16605
54043,19699
54045,30910
54047,17425
54049,55805
54051,29517
54053,24815
54055,58008
54057,26806
54059,22025
54061,107749
54063,12376
54065,17580
54067,24104
54069,41221
54071,5998
54073,7420
54075,7739
54077,34050
54079,56942
54081,72526
54083,27359
54085,8187
54087,13678
54089,11581
54091,16385
54093,6618
54095,7894
54097,23566
54099,37779
54101,8025
54103,13972
54105,4994
54107,82947
54109,20262
55001,21528
55003,16103
55005,46922
55007,16809
55009,272074
55011,13440
55013,17089
55015,53303
55017,66949
55019,34792
55021,57949
55023,15991
55025,579739
55027,88501
55029,30566
55031,44252
55033,45827
55035,108058
55037,4695
55039,104135
55041,9381
55043,51894
55045,36934
55047,19417
55049,23881
55051,6277
55053,20938
55055,85971
55057,26557
55059,167867
55061,20733
55063,120717
55065,17059
55067,19435
55069,28430
55071,81325
55073,138838
55075,42113
55077,15851
55078,4221
55079,921860
55081,46193
55083,39741
55085,38189
55087,193828
55089,93520
55091,7482
55093,43101
55095,45845
55097,71461
55099,14098
55101,197407
55103,17251
55105,164443
55107,14252
55109,97156
55111,66143
55113,18619
55115,41148
55117,117995
55119,20123
55121,30939
55123,31143
55125,23914
55127,106008
55129,16996
55131,138496
55133,414013
55135,51324
55137,25014
55139,172105
55141,74037
56001,38624
56003,12061
56005,47511
56007,14317
56009,13850
56011,7596
56013,39800
56015,12662
56017,4652
56019,8792
56021,101079
56023,20909
56025,79968
56027,2327
56029,30822
56031,8581
56033,32581
56035,8991
56037,41288
56039,23368
56041,20724
56043,7736
56045,6828
